{"cameraMode":{"drawMode":0,"name":"Shaded","section":"Shading Mode"},"sceneLighting":true,"audioPlay":false,"sceneViewState":{"m_AlwaysRefresh":false,"showFog":true,"showSkybox":true,"showFlares":true,"showImageEffects":true,"showParticleSystems":true,"showVisualEffectGraphs":true,"m_FxEnabled":true},"in2DMode":false,"pivot":{"x":89.52470397949219,"y":-29.797199249267579,"z":71.70014953613281},"rotation":{"x":0.09286309033632279,"y":0.6492764353752136,"z":-0.08069100975990296,"w":0.7508354783058167},"size":103.74561309814453,"orthographic":false}